Skills,Education,Interests,Desired_Income,Career_Path,Industry,Required_Experience,Location_Flexibility
Public Speaking,Associate's,Education,165000,Photographer,Engineering,10,On-Site
Marketing,Associate's,Health,135000,Physical Therapist,Business,9,On-Site
Marketing,Bachelor's,Education,180000,Music Producer,Healthcare,3,On-Site
Healthcare,Associate's,Health,195000,Marine Biologist,Engineering,5,On-Site
Design,Bachelor's,Social Work,70000,Sustainable Designer,Education,0,Remote
Public Speaking,PhD,Education,60000,Music Producer,Education,1,On-Site
Teaching,PhD,Finance,115000,Environmental Scientist,Healthcare,0,Remote
Engineering,High School,Environment,95000,Auto Mechanic,Environment,1,On-Site
Healthcare,High School,Finance,140000,Marketing Manager,Finance,6,Remote
Writing,High School,Tech,165000,Filmmaker,Creative Arts,1,Remote
Marketing,PhD,Social Work,120000,Elevator Mechanic,Business,2,Remote
Public Speaking,Master's,Engineering,95000,Astronomer,Trades,5,Remote
Programming,High School,Social Work,175000,Marine Biologist,Environment,9,On-Site
Healthcare,High School,Finance,115000,Web Developer,Healthcare,6,On-Site
Programming,Master's,Art,120000,Sustainable Designer,Engineering,3,Remote
Healthcare,Master's,Art,180000,Marketing Manager,Engineering,10,On-Site
Programming,Bachelor's,Art,160000,Professional Cuddler,Creative Arts,6,On-Site
Marketing,Associate's,Business,95000,Environmental Scientist,Social Services,10,On-Site
Finance,Bachelor's,Art,115000,Marine Biologist,Social Services,8,On-Site
Critical Thinking,Associate's,Writing,165000,Civil Engineer,Education,6,On-Site
Public Speaking,PhD,Social Work,140000,Genetic Counselor,Healthcare,10,On-Site
Teamwork,Master's,Finance,165000,Data Scientist,Social Services,3,Remote
Teamwork,PhD,Finance,75000,Plumber,Trades,8,On-Site
Design,High School,Tech,180000,Information Security Analyst,Healthcare,0,Remote
Critical Thinking,Associate's,Education,195000,Ethical Hacker,Engineering,1,Remote
Finance,PhD,Writing,170000,Marine Biologist,Healthcare,6,On-Site
Design,Associate's,Education,190000,Data Scientist,Environment,5,Remote
Healthcare,PhD,Tech,50000,Sustainable Designer,Creative Arts,4,Remote
Finance,Master's,Art,135000,Wind Turbine Technician,Social Services,2,On-Site
Teaching,High School,Education,140000,Information Security Analyst,Finance,8,Remote
Engineering,Associate's,Tech,30000,Music Producer,Finance,3,On-Site
Public Speaking,Bachelor's,Writing,55000,Video Game Designer,Business,8,Remote
Writing,Bachelor's,Environment,35000,DevOps Engineer,Technology,0,Remote
Data Analysis,Bachelor's,Social Work,195000,Genetic Counselor,Education,0,On-Site
Healthcare,High School,Social Work,195000,Astronomer,Engineering,5,On-Site
Teaching,PhD,Business,140000,Astronomer,Engineering,7,On-Site
Finance,PhD,Finance,110000,Video Game Designer,Education,6,On-Site
Problem Solving,Associate's,Tech,195000,DevOps Engineer,Environment,1,On-Site
Design,Associate's,Engineering,150000,Genetic Counselor,Business,3,Remote
Management,Associate's,Social Work,150000,Civil Engineer,Creative Arts,3,Remote
Programming,Associate's,Education,145000,Photographer,Healthcare,8,Remote
Design,Master's,Health,160000,Biomedical Engineer,Environment,1,On-Site
Data Analysis,Associate's,Social Work,135000,Software Developer,Business,2,On-Site
Data Analysis,PhD,Engineering,180000,Nurse Practitioner,Social Services,9,On-Site
Design,PhD,Tech,165000,Fashion Designer,Environment,4,On-Site
Teamwork,Bachelor's,Environment,40000,Information Security Analyst,Trades,8,Remote
Teamwork,High School,Engineering,100000,Ethical Hacker,Engineering,10,Remote
Problem Solving,PhD,Social Work,105000,Information Security Analyst,Creative Arts,3,Remote
Teamwork,Master's,Tech,30000,Photographer,Finance,10,On-Site
Finance,PhD,Finance,115000,Marine Biologist,Education,0,On-Site
Teamwork,Associate's,Business,135000,Elevator Mechanic,Education,0,On-Site
Design,High School,Environment,115000,Web Developer,Trades,1,Remote
Marketing,Associate's,Environment,185000,Photographer,Healthcare,1,On-Site
Data Analysis,PhD,Education,115000,Web Developer,Engineering,6,On-Site
Public Speaking,High School,Tech,50000,Ethical Hacker,Social Services,9,On-Site
Teaching,PhD,Social Work,30000,Sustainable Designer,Education,1,On-Site
Programming,Master's,Social Work,85000,Marine Biologist,Education,0,On-Site
Data Analysis,Bachelor's,Finance,55000,Biomedical Engineer,Social Services,5,On-Site
Teamwork,Master's,Business,65000,Elevator Mechanic,Trades,0,On-Site
Finance,Associate's,Health,85000,Sustainable Designer,Healthcare,9,On-Site
Programming,High School,Tech,160000,Fashion Designer,Finance,7,Remote
Critical Thinking,High School,Writing,35000,Astronomer,Healthcare,9,Remote
Healthcare,Master's,Social Work,55000,Marine Biologist,Engineering,5,Remote
Public Speaking,High School,Business,160000,Music Producer,Engineering,8,Remote
Writing,Master's,Tech,160000,Plumber,Engineering,5,On-Site
Critical Thinking,Associate's,Art,75000,Filmmaker,Trades,2,Remote
Public Speaking,PhD,Finance,40000,Elevator Mechanic,Finance,7,Remote
Management,High School,Art,110000,Auto Mechanic,Environment,10,On-Site
Management,High School,Environment,85000,Photographer,Environment,2,On-Site
Problem Solving,Bachelor's,Education,60000,Web Developer,Creative Arts,4,On-Site
Data Analysis,Master's,Finance,160000,Animator,Creative Arts,6,On-Site
Data Analysis,Associate's,Finance,145000,Ethical Hacker,Healthcare,0,On-Site
Critical Thinking,High School,Business,105000,Plumber,Finance,6,Remote
Public Speaking,PhD,Education,125000,Business Consultant,Creative Arts,7,On-Site
Finance,Master's,Environment,50000,Entrepreneur,Finance,7,Remote
Public Speaking,Bachelor's,Tech,35000,Animator,Business,3,On-Site
Management,Bachelor's,Business,105000,Marketing Manager,Social Services,2,On-Site
Design,Bachelor's,Business,170000,Information Security Analyst,Social Services,4,Remote
Problem Solving,Master's,Writing,60000,Photographer,Business,9,Remote
Writing,Master's,Art,195000,Environmental Scientist,Healthcare,1,On-Site
Management,Bachelor's,Writing,85000,Astronomer,Trades,2,On-Site
Teaching,Master's,Education,115000,Music Producer,Business,2,Remote
Design,Associate's,Health,150000,DevOps Engineer,Environment,2,Remote
Teamwork,PhD,Writing,80000,Plumber,Creative Arts,7,On-Site
Public Speaking,PhD,Tech,75000,Filmmaker,Healthcare,4,On-Site
Marketing,Master's,Environment,180000,Astronomer,Finance,0,Remote
Healthcare,Master's,Finance,130000,Ethical Hacker,Environment,10,On-Site
Marketing,Bachelor's,Art,100000,Genetic Counselor,Engineering,5,On-Site
Teaching,Bachelor's,Environment,65000,Video Game Designer,Technology,5,On-Site
Data Analysis,Bachelor's,Environment,75000,Video Game Designer,Environment,6,On-Site
Critical Thinking,Bachelor's,Education,130000,Plumber,Environment,4,Remote
Engineering,PhD,Health,70000,Professional Cuddler,Finance,2,Remote
Design,Bachelor's,Engineering,100000,Professional Cuddler,Social Services,3,Remote
Teamwork,PhD,Writing,150000,Data Scientist,Healthcare,4,On-Site
Public Speaking,Associate's,Art,45000,Business Consultant,Technology,4,On-Site
Writing,Associate's,Business,175000,Data Scientist,Technology,8,On-Site
Data Analysis,PhD,Education,115000,Marketing Manager,Education,3,Remote
Teamwork,Bachelor's,Art,100000,Ethical Hacker,Technology,0,Remote
Problem Solving,PhD,Finance,190000,Plumber,Trades,0,Remote
Writing,Bachelor's,Writing,60000,Music Producer,Creative Arts,8,On-Site
Management,High School,Environment,80000,Photographer,Healthcare,8,On-Site
Teaching,High School,Health,115000,Elevator Mechanic,Creative Arts,10,Remote
Marketing,Associate's,Social Work,110000,Auto Mechanic,Business,6,Remote
Healthcare,Master's,Health,130000,Professional Cuddler,Education,8,On-Site
Writing,Associate's,Environment,115000,Environmental Scientist,Environment,5,Remote
Programming,Master's,Tech,110000,Fashion Designer,Technology,4,On-Site
Teamwork,Master's,Education,165000,Ethical Hacker,Finance,2,Remote
Marketing,High School,Education,55000,Biomedical Engineer,Trades,0,Remote
Design,Master's,Finance,130000,Professional Cuddler,Social Services,0,Remote
Programming,Master's,Engineering,50000,Entrepreneur,Technology,9,Remote
Engineering,Master's,Art,85000,Sustainable Designer,Healthcare,8,Remote
Engineering,PhD,Engineering,185000,Ethical Hacker,Social Services,2,Remote
Design,Bachelor's,Tech,90000,Business Consultant,Trades,1,On-Site
Writing,Bachelor's,Finance,190000,Animator,Engineering,5,Remote
Management,Associate's,Social Work,160000,Sustainable Designer,Finance,3,On-Site
Writing,Associate's,Business,55000,Data Scientist,Healthcare,8,On-Site
Programming,Master's,Engineering,170000,Photographer,Environment,5,On-Site
Problem Solving,Bachelor's,Social Work,55000,Environmental Scientist,Finance,4,Remote
Marketing,Bachelor's,Education,70000,Auto Mechanic,Healthcare,9,On-Site
Teamwork,Bachelor's,Social Work,165000,Data Scientist,Technology,9,Remote
Healthcare,High School,Writing,115000,Filmmaker,Social Services,5,Remote
Teaching,Associate's,Finance,180000,Wind Turbine Technician,Healthcare,2,On-Site
Data Analysis,Master's,Environment,115000,Biomedical Engineer,Social Services,2,Remote
Marketing,Master's,Health,170000,Civil Engineer,Finance,2,On-Site
Marketing,Bachelor's,Art,90000,Fashion Designer,Social Services,1,Remote
Critical Thinking,PhD,Tech,170000,Physical Therapist,Healthcare,2,Remote
Marketing,PhD,Finance,60000,DevOps Engineer,Finance,5,On-Site
Problem Solving,Bachelor's,Tech,35000,Filmmaker,Finance,5,Remote
Critical Thinking,PhD,Tech,180000,Animator,Business,6,Remote
Design,High School,Finance,105000,Entrepreneur,Engineering,10,Remote
Teamwork,Bachelor's,Education,130000,Wind Turbine Technician,Trades,4,Remote
Finance,High School,Education,80000,Entrepreneur,Business,5,On-Site
Public Speaking,High School,Engineering,185000,Physical Therapist,Trades,4,Remote
Finance,Associate's,Education,45000,Auto Mechanic,Technology,9,Remote
Problem Solving,PhD,Art,85000,Plumber,Business,5,On-Site
Problem Solving,High School,Social Work,30000,Entrepreneur,Engineering,0,Remote
Engineering,PhD,Health,175000,Music Producer,Technology,6,Remote
Engineering,Master's,Social Work,60000,Software Developer,Business,4,On-Site
Data Analysis,PhD,Engineering,135000,Marketing Manager,Healthcare,3,On-Site
Healthcare,Associate's,Tech,135000,Food Taster,Trades,8,Remote
Design,Bachelor's,Business,85000,Plumber,Trades,6,Remote
Critical Thinking,Master's,Writing,95000,DevOps Engineer,Environment,2,On-Site
Critical Thinking,Associate's,Writing,190000,Information Security Analyst,Business,5,On-Site
Data Analysis,Associate's,Education,70000,Data Scientist,Technology,1,On-Site
Programming,Bachelor's,Finance,180000,Professional Cuddler,Education,3,Remote
Public Speaking,PhD,Education,135000,Civil Engineer,Healthcare,9,On-Site
Finance,Master's,Social Work,50000,Civil Engineer,Education,8,On-Site
Data Analysis,Associate's,Engineering,195000,Nurse Practitioner,Creative Arts,9,On-Site
Healthcare,PhD,Education,195000,Civil Engineer,Social Services,8,On-Site
Teaching,High School,Engineering,165000,Marketing Manager,Healthcare,3,Remote
Finance,Associate's,Social Work,70000,Food Taster,Trades,1,Remote
Engineering,Associate's,Health,70000,Fashion Designer,Business,5,Remote
Critical Thinking,Master's,Writing,195000,Video Game Designer,Finance,10,Remote
Engineering,PhD,Business,55000,Physical Therapist,Social Services,4,On-Site
Design,High School,Education,145000,Biomedical Engineer,Engineering,0,Remote
Data Analysis,Associate's,Writing,165000,Filmmaker,Healthcare,2,On-Site
Public Speaking,PhD,Education,140000,Video Game Designer,Technology,3,Remote
Management,Associate's,Art,110000,Professional Cuddler,Social Services,7,Remote
Design,Bachelor's,Social Work,95000,Physical Therapist,Trades,0,On-Site
Marketing,High School,Finance,150000,Biomedical Engineer,Technology,4,Remote
Public Speaking,High School,Social Work,75000,Genetic Counselor,Engineering,3,Remote
Marketing,Bachelor's,Art,170000,Data Scientist,Technology,1,On-Site
Marketing,Associate's,Business,45000,Ethical Hacker,Engineering,2,On-Site
Engineering,Bachelor's,Health,90000,Nurse Practitioner,Healthcare,9,On-Site
Design,High School,Finance,185000,Astronomer,Finance,10,On-Site
Problem Solving,PhD,Engineering,95000,Marketing Manager,Business,3,Remote
Programming,Associate's,Art,145000,Marketing Manager,Education,6,Remote
Writing,Bachelor's,Business,185000,Entrepreneur,Engineering,6,On-Site
Data Analysis,Master's,Environment,185000,Ethical Hacker,Healthcare,5,Remote
Data Analysis,Associate's,Social Work,80000,Entrepreneur,Business,1,Remote
Public Speaking,Associate's,Health,55000,Web Developer,Education,0,Remote
Design,Associate's,Writing,85000,Genetic Counselor,Social Services,0,Remote
Teaching,Master's,Education,65000,Filmmaker,Trades,0,Remote
Teaching,Associate's,Education,65000,Astronomer,Technology,8,Remote
Writing,High School,Engineering,170000,Food Taster,Trades,5,Remote
Finance,Master's,Art,195000,Plumber,Creative Arts,6,Remote
Healthcare,Associate's,Writing,120000,Fashion Designer,Technology,8,On-Site
Writing,PhD,Business,165000,Nurse Practitioner,Social Services,3,On-Site
Public Speaking,Bachelor's,Finance,185000,Music Producer,Creative Arts,0,On-Site
Marketing,Associate's,Art,150000,DevOps Engineer,Social Services,7,Remote
Public Speaking,High School,Engineering,105000,Fashion Designer,Technology,6,On-Site
Finance,High School,Tech,125000,Food Taster,Environment,9,Remote
Writing,PhD,Business,100000,Photographer,Trades,3,On-Site
Teaching,PhD,Social Work,115000,Environmental Scientist,Technology,5,On-Site
Finance,High School,Health,160000,Business Consultant,Trades,10,On-Site
Data Analysis,High School,Health,130000,Elevator Mechanic,Social Services,7,On-Site
Marketing,High School,Health,90000,Ethical Hacker,Education,3,On-Site
Data Analysis,Bachelor's,Education,30000,Sustainable Designer,Business,9,Remote
Teaching,Master's,Business,45000,Software Developer,Finance,8,Remote
Writing,Master's,Writing,195000,Wind Turbine Technician,Trades,9,Remote
Writing,PhD,Engineering,60000,Filmmaker,Trades,3,Remote
Data Analysis,PhD,Engineering,140000,Auto Mechanic,Technology,1,On-Site
Critical Thinking,Associate's,Tech,65000,Fashion Designer,Social Services,1,Remote
Finance,High School,Finance,85000,DevOps Engineer,Education,7,Remote
Programming,Master's,Tech,70000,DevOps Engineer,Creative Arts,10,On-Site
Data Analysis,Master's,Engineering,85000,Plumber,Trades,2,Remote
Problem Solving,Bachelor's,Writing,45000,Physical Therapist,Social Services,10,Remote
Design,Associate's,Education,190000,Web Developer,Creative Arts,0,Remote
Teaching,High School,Social Work,50000,Biomedical Engineer,Healthcare,7,On-Site
Writing,High School,Health,80000,Software Developer,Social Services,7,Remote
Finance,High School,Social Work,180000,Entrepreneur,Technology,3,Remote
Data Analysis,PhD,Engineering,95000,Nurse Practitioner,Creative Arts,10,Remote
Design,Master's,Environment,85000,Video Game Designer,Education,7,Remote
Data Analysis,PhD,Engineering,30000,Video Game Designer,Education,6,Remote
Problem Solving,PhD,Tech,55000,DevOps Engineer,Finance,4,On-Site
Critical Thinking,Master's,Environment,60000,Physical Therapist,Engineering,5,Remote
Teaching,Bachelor's,Writing,50000,Data Scientist,Education,3,Remote
Writing,PhD,Art,75000,Sustainable Designer,Environment,5,Remote
Critical Thinking,Associate's,Finance,50000,Business Consultant,Environment,10,On-Site
Programming,Master's,Finance,115000,Auto Mechanic,Environment,3,On-Site
Teaching,Associate's,Education,75000,Entrepreneur,Education,6,On-Site
Data Analysis,PhD,Art,30000,Business Consultant,Education,6,Remote
Teamwork,Bachelor's,Tech,140000,Physical Therapist,Education,8,Remote
Finance,Bachelor's,Environment,135000,Nurse Practitioner,Environment,0,On-Site
Marketing,High School,Social Work,60000,Wind Turbine Technician,Engineering,5,Remote
Problem Solving,Bachelor's,Education,65000,Sustainable Designer,Education,8,Remote
Public Speaking,Bachelor's,Environment,40000,Biomedical Engineer,Engineering,3,Remote
Programming,Associate's,Finance,110000,Astronomer,Environment,5,On-Site
Writing,Master's,Tech,70000,Food Taster,Engineering,1,Remote
Healthcare,Master's,Social Work,90000,Video Game Designer,Environment,5,Remote
Engineering,Bachelor's,Finance,45000,Elevator Mechanic,Trades,5,Remote
Engineering,High School,Tech,135000,Professional Cuddler,Engineering,2,On-Site
Programming,Associate's,Social Work,120000,Wind Turbine Technician,Education,5,Remote
Design,PhD,Education,55000,Filmmaker,Environment,10,Remote
Critical Thinking,Bachelor's,Social Work,65000,Nurse Practitioner,Technology,10,Remote
Healthcare,PhD,Finance,195000,Physical Therapist,Social Services,7,On-Site
Engineering,Bachelor's,Finance,145000,Filmmaker,Environment,9,Remote
Programming,PhD,Engineering,80000,Software Developer,Business,4,On-Site
Programming,Master's,Social Work,45000,Web Developer,Creative Arts,3,Remote
Writing,PhD,Engineering,105000,Ethical Hacker,Business,5,On-Site
Design,High School,Engineering,85000,Software Developer,Finance,6,On-Site
Writing,PhD,Social Work,40000,Video Game Designer,Creative Arts,9,Remote
Finance,Bachelor's,Education,135000,Marine Biologist,Business,2,On-Site
Data Analysis,PhD,Health,55000,Photographer,Education,7,On-Site
Writing,Associate's,Tech,135000,Nurse Practitioner,Healthcare,1,On-Site
Problem Solving,Associate's,Social Work,40000,Physical Therapist,Healthcare,8,On-Site
Problem Solving,Bachelor's,Business,130000,Professional Cuddler,Healthcare,3,Remote
Marketing,PhD,Tech,90000,Software Developer,Technology,2,Remote
Engineering,Associate's,Tech,130000,Animator,Engineering,7,Remote
Finance,Bachelor's,Finance,65000,Video Game Designer,Healthcare,2,Remote
Engineering,Master's,Finance,180000,Physical Therapist,Trades,2,On-Site
Marketing,Associate's,Health,75000,Astronomer,Environment,2,Remote
Data Analysis,Associate's,Business,115000,Web Developer,Business,1,Remote
Design,Master's,Environment,195000,Marine Biologist,Business,7,Remote
Design,Master's,Education,170000,Music Producer,Creative Arts,10,On-Site
Problem Solving,High School,Social Work,45000,Data Scientist,Trades,9,On-Site
Teaching,Master's,Environment,115000,Video Game Designer,Technology,0,On-Site
Problem Solving,Bachelor's,Health,175000,Photographer,Healthcare,3,On-Site
Teamwork,Associate's,Social Work,195000,Plumber,Environment,2,On-Site
Public Speaking,PhD,Business,125000,Astronomer,Engineering,3,Remote
Public Speaking,Bachelor's,Environment,50000,Fashion Designer,Trades,6,On-Site
Problem Solving,PhD,Art,120000,Civil Engineer,Environment,10,On-Site
Design,Bachelor's,Art,140000,Music Producer,Healthcare,8,Remote
Management,PhD,Health,115000,Food Taster,Finance,3,Remote
Writing,PhD,Finance,170000,Astronomer,Engineering,3,On-Site
Data Analysis,Associate's,Engineering,90000,Professional Cuddler,Engineering,10,Remote
Teaching,PhD,Business,170000,Marine Biologist,Engineering,4,Remote
Design,PhD,Education,170000,Marketing Manager,Trades,5,Remote
Data Analysis,Bachelor's,Health,45000,Astronomer,Healthcare,4,Remote
Finance,PhD,Writing,60000,Data Scientist,Education,2,On-Site
Problem Solving,Master's,Tech,105000,Elevator Mechanic,Creative Arts,1,On-Site
Teamwork,Bachelor's,Business,85000,Genetic Counselor,Technology,1,On-Site
Management,Master's,Finance,150000,Professional Cuddler,Healthcare,1,Remote
Writing,High School,Engineering,155000,Plumber,Business,8,Remote
Engineering,High School,Education,140000,Food Taster,Technology,8,On-Site
Marketing,Master's,Health,180000,Physical Therapist,Technology,3,On-Site
Writing,Bachelor's,Education,95000,Genetic Counselor,Social Services,1,On-Site
Management,High School,Business,135000,Wind Turbine Technician,Social Services,3,Remote
Writing,High School,Business,140000,Marine Biologist,Technology,10,On-Site
Healthcare,High School,Engineering,40000,Plumber,Healthcare,5,Remote
Healthcare,High School,Environment,50000,Fashion Designer,Technology,2,On-Site
Data Analysis,Bachelor's,Tech,90000,Business Consultant,Technology,3,Remote
Design,High School,Social Work,50000,Photographer,Environment,6,Remote
Engineering,Master's,Environment,140000,Plumber,Business,2,On-Site
Teaching,Bachelor's,Social Work,185000,Physical Therapist,Healthcare,3,Remote
Public Speaking,High School,Environment,155000,Photographer,Business,1,Remote
Data Analysis,Associate's,Tech,50000,Ethical Hacker,Education,4,Remote
Programming,Bachelor's,Finance,190000,Web Developer,Social Services,3,On-Site
Writing,High School,Art,160000,Elevator Mechanic,Social Services,8,Remote
Design,High School,Engineering,65000,DevOps Engineer,Trades,4,On-Site
Public Speaking,Bachelor's,Engineering,135000,Wind Turbine Technician,Finance,1,On-Site
Public Speaking,High School,Writing,95000,Auto Mechanic,Engineering,3,Remote
Healthcare,Master's,Writing,50000,Business Consultant,Education,10,Remote
Engineering,Associate's,Business,110000,Music Producer,Engineering,10,On-Site
Engineering,PhD,Environment,180000,Wind Turbine Technician,Creative Arts,7,On-Site
Teaching,Master's,Health,55000,Environmental Scientist,Education,10,On-Site
Programming,Bachelor's,Tech,90000,Software Developer,Engineering,5,Remote
Management,Master's,Education,120000,Nurse Practitioner,Environment,1,On-Site
Marketing,Master's,Education,190000,Web Developer,Business,8,Remote
Healthcare,Associate's,Health,45000,Filmmaker,Technology,7,On-Site
Management,Bachelor's,Art,175000,Plumber,Technology,2,Remote
Teaching,Associate's,Health,140000,Filmmaker,Social Services,4,Remote
Critical Thinking,Master's,Finance,80000,Fashion Designer,Engineering,9,Remote
Programming,High School,Art,135000,Data Scientist,Education,5,On-Site
Public Speaking,PhD,Engineering,60000,Entrepreneur,Business,8,Remote
Public Speaking,PhD,Engineering,50000,Entrepreneur,Business,9,On-Site
Finance,High School,Finance,85000,Data Scientist,Technology,10,Remote
Engineering,PhD,Art,190000,Music Producer,Trades,0,Remote
Data Analysis,PhD,Education,195000,Sustainable Designer,Environment,6,Remote
Management,Master's,Finance,160000,Information Security Analyst,Creative Arts,3,Remote
Healthcare,PhD,Social Work,195000,Plumber,Social Services,8,Remote
Programming,PhD,Business,80000,Data Scientist,Environment,7,Remote
Engineering,PhD,Business,160000,Animator,Creative Arts,5,Remote
Writing,PhD,Business,195000,DevOps Engineer,Creative Arts,6,On-Site
Writing,Master's,Business,175000,Filmmaker,Trades,4,On-Site
Finance,Master's,Business,85000,Data Scientist,Trades,1,Remote
Finance,Bachelor's,Engineering,125000,Auto Mechanic,Finance,5,Remote
Data Analysis,Associate's,Business,105000,Civil Engineer,Social Services,1,On-Site
Healthcare,PhD,Finance,125000,Plumber,Business,4,On-Site
Teaching,Bachelor's,Education,30000,Environmental Scientist,Education,5,On-Site
Teamwork,PhD,Social Work,140000,Elevator Mechanic,Trades,5,Remote
Data Analysis,Associate's,Education,170000,Biomedical Engineer,Engineering,4,On-Site
Management,Master's,Environment,120000,Physical Therapist,Creative Arts,10,On-Site
Data Analysis,Master's,Business,195000,Fashion Designer,Education,8,Remote
Teaching,Bachelor's,Social Work,85000,Biomedical Engineer,Engineering,3,Remote
Data Analysis,PhD,Education,85000,Genetic Counselor,Creative Arts,7,On-Site
Teamwork,Master's,Engineering,145000,Entrepreneur,Education,6,Remote
Healthcare,Associate's,Business,55000,Civil Engineer,Engineering,3,Remote
Writing,PhD,Business,40000,Civil Engineer,Environment,0,On-Site
Healthcare,PhD,Finance,190000,Plumber,Trades,10,Remote
Management,Master's,Writing,145000,Biomedical Engineer,Trades,4,On-Site
Management,High School,Engineering,140000,Marketing Manager,Social Services,3,Remote
Data Analysis,Bachelor's,Environment,140000,Biomedical Engineer,Environment,2,Remote
Finance,PhD,Engineering,40000,Plumber,Engineering,4,On-Site
Writing,Master's,Engineering,70000,Web Developer,Social Services,2,On-Site
Public Speaking,Bachelor's,Education,105000,Entrepreneur,Finance,2,On-Site
Writing,Associate's,Education,100000,Information Security Analyst,Technology,6,Remote
Critical Thinking,Bachelor's,Education,175000,Web Developer,Business,4,On-Site
Public Speaking,Associate's,Health,55000,Professional Cuddler,Education,9,On-Site
Engineering,Bachelor's,Business,50000,Plumber,Technology,1,Remote
Public Speaking,Master's,Tech,165000,Elevator Mechanic,Education,6,On-Site
Public Speaking,Associate's,Finance,60000,Astronomer,Creative Arts,0,On-Site
Critical Thinking,Associate's,Environment,140000,Sustainable Designer,Business,8,Remote
Problem Solving,Associate's,Engineering,120000,Professional Cuddler,Creative Arts,8,Remote
Teaching,High School,Health,60000,Nurse Practitioner,Finance,1,Remote
Management,Bachelor's,Engineering,115000,Data Scientist,Environment,1,On-Site
Writing,Associate's,Art,65000,Elevator Mechanic,Healthcare,8,On-Site
Programming,Master's,Writing,195000,Software Developer,Education,6,On-Site
Management,High School,Business,55000,Software Developer,Education,7,Remote
Programming,PhD,Art,85000,Physical Therapist,Technology,2,On-Site
Design,Master's,Business,60000,Nurse Practitioner,Education,9,Remote
Critical Thinking,High School,Finance,80000,Fashion Designer,Business,3,On-Site
Writing,Bachelor's,Tech,110000,Sustainable Designer,Technology,2,On-Site
Critical Thinking,High School,Writing,90000,Marketing Manager,Trades,5,Remote
Programming,PhD,Writing,185000,Photographer,Environment,10,On-Site
Public Speaking,Associate's,Tech,50000,Entrepreneur,Business,3,Remote
Public Speaking,Bachelor's,Engineering,105000,Filmmaker,Engineering,3,On-Site
Critical Thinking,High School,Tech,105000,Animator,Environment,9,Remote
Teaching,Bachelor's,Environment,100000,Auto Mechanic,Social Services,6,Remote
Critical Thinking,PhD,Environment,170000,Plumber,Creative Arts,1,Remote
Design,Associate's,Environment,195000,Information Security Analyst,Trades,8,Remote
Teamwork,High School,Engineering,30000,Sustainable Designer,Technology,6,Remote
Marketing,Associate's,Finance,35000,Wind Turbine Technician,Creative Arts,2,Remote
Marketing,Master's,Health,185000,DevOps Engineer,Business,9,Remote
Design,High School,Finance,35000,Environmental Scientist,Environment,3,Remote
Data Analysis,Associate's,Tech,185000,Photographer,Education,2,Remote
Data Analysis,PhD,Engineering,190000,Environmental Scientist,Education,4,On-Site
Writing,Master's,Social Work,100000,Web Developer,Healthcare,9,Remote
Design,Master's,Tech,145000,Biomedical Engineer,Education,0,Remote
Management,Associate's,Health,70000,Nurse Practitioner,Education,1,On-Site
Writing,Bachelor's,Engineering,105000,Ethical Hacker,Education,7,On-Site
Teaching,Bachelor's,Tech,175000,Filmmaker,Finance,10,On-Site
Programming,PhD,Business,50000,Auto Mechanic,Education,10,On-Site
Finance,High School,Tech,60000,Professional Cuddler,Creative Arts,7,Remote
Marketing,High School,Education,170000,Civil Engineer,Social Services,10,On-Site
Critical Thinking,Master's,Finance,105000,Sustainable Designer,Creative Arts,3,On-Site
Programming,Bachelor's,Environment,45000,Astronomer,Trades,9,On-Site
Critical Thinking,Master's,Art,35000,Auto Mechanic,Finance,7,Remote
Management,PhD,Health,195000,Business Consultant,Finance,5,Remote
Teaching,High School,Environment,115000,Wind Turbine Technician,Social Services,9,On-Site
Problem Solving,Master's,Finance,45000,Software Developer,Finance,4,Remote
Programming,Associate's,Tech,80000,DevOps Engineer,Engineering,10,Remote
Problem Solving,Associate's,Business,110000,Elevator Mechanic,Social Services,2,Remote
Problem Solving,Bachelor's,Art,40000,Video Game Designer,Social Services,10,Remote
Finance,Master's,Art,70000,Marketing Manager,Healthcare,8,On-Site
Teamwork,Bachelor's,Education,30000,Ethical Hacker,Environment,8,On-Site
Critical Thinking,Bachelor's,Writing,35000,Professional Cuddler,Healthcare,6,Remote
Design,PhD,Finance,155000,Entrepreneur,Finance,0,On-Site
Writing,Associate's,Tech,55000,Biomedical Engineer,Healthcare,0,Remote
Data Analysis,Master's,Education,30000,Animator,Creative Arts,0,On-Site
Design,Bachelor's,Social Work,115000,Information Security Analyst,Technology,3,On-Site
Healthcare,Bachelor's,Tech,130000,DevOps Engineer,Engineering,9,Remote
Finance,PhD,Tech,160000,Video Game Designer,Technology,1,Remote
Problem Solving,High School,Engineering,100000,DevOps Engineer,Finance,9,On-Site
Writing,High School,Writing,145000,Business Consultant,Creative Arts,3,On-Site
Public Speaking,Bachelor's,Health,150000,Civil Engineer,Environment,2,On-Site
Marketing,Bachelor's,Engineering,40000,Civil Engineer,Healthcare,9,Remote
Programming,Associate's,Tech,125000,Elevator Mechanic,Trades,1,On-Site
Marketing,Associate's,Engineering,95000,Web Developer,Technology,1,On-Site
Programming,Associate's,Writing,75000,Wind Turbine Technician,Education,2,On-Site
Public Speaking,Master's,Art,125000,Physical Therapist,Environment,2,Remote
Programming,Master's,Business,150000,Fashion Designer,Trades,4,On-Site
Public Speaking,High School,Business,100000,Elevator Mechanic,Healthcare,6,On-Site
Marketing,Associate's,Health,70000,Web Developer,Trades,1,On-Site
Design,Bachelor's,Business,90000,DevOps Engineer,Engineering,3,On-Site
Teaching,Associate's,Environment,125000,Video Game Designer,Creative Arts,1,Remote
Teaching,PhD,Environment,55000,Sustainable Designer,Social Services,9,On-Site
Healthcare,Master's,Environment,35000,Biomedical Engineer,Finance,9,On-Site
Public Speaking,Associate's,Health,55000,Plumber,Trades,9,On-Site
Marketing,Associate's,Engineering,130000,Auto Mechanic,Finance,6,Remote
Programming,Bachelor's,Writing,55000,Music Producer,Environment,4,Remote
Public Speaking,Bachelor's,Social Work,160000,Marine Biologist,Finance,7,On-Site
Programming,Associate's,Social Work,70000,Ethical Hacker,Technology,9,Remote
Teamwork,Master's,Environment,185000,Biomedical Engineer,Trades,3,Remote
Writing,Bachelor's,Health,105000,DevOps Engineer,Technology,0,Remote
Data Analysis,Associate's,Health,145000,Sustainable Designer,Creative Arts,5,On-Site
Programming,PhD,Finance,80000,Genetic Counselor,Trades,8,Remote
Problem Solving,Bachelor's,Writing,65000,Sustainable Designer,Social Services,1,On-Site
Problem Solving,Bachelor's,Finance,160000,Civil Engineer,Healthcare,2,On-Site
Teamwork,Bachelor's,Tech,185000,Wind Turbine Technician,Engineering,7,On-Site
Teamwork,Associate's,Health,100000,Marketing Manager,Social Services,5,On-Site
Management,Bachelor's,Tech,45000,Genetic Counselor,Creative Arts,0,Remote
Engineering,Bachelor's,Engineering,50000,Wind Turbine Technician,Healthcare,2,Remote
Data Analysis,Bachelor's,Tech,110000,Information Security Analyst,Environment,4,On-Site
Healthcare,Associate's,Finance,130000,Photographer,Engineering,5,On-Site
Public Speaking,Associate's,Engineering,125000,Elevator Mechanic,Business,6,On-Site
Marketing,Bachelor's,Business,60000,Animator,Social Services,3,On-Site
Engineering,PhD,Art,145000,Photographer,Trades,9,Remote
Writing,Master's,Health,125000,DevOps Engineer,Healthcare,3,On-Site
Management,PhD,Health,120000,Nurse Practitioner,Creative Arts,2,Remote
Writing,Bachelor's,Business,120000,Biomedical Engineer,Environment,7,On-Site
Public Speaking,PhD,Writing,195000,Physical Therapist,Engineering,4,On-Site
Marketing,PhD,Engineering,85000,Photographer,Education,5,On-Site
Finance,Bachelor's,Health,60000,Business Consultant,Education,0,On-Site
Data Analysis,PhD,Finance,155000,Business Consultant,Finance,9,Remote
Writing,Master's,Finance,195000,Photographer,Engineering,9,On-Site
Management,Associate's,Health,95000,Astronomer,Trades,2,Remote
Programming,Master's,Writing,50000,Professional Cuddler,Technology,4,On-Site
Healthcare,Bachelor's,Business,35000,Data Scientist,Finance,2,On-Site
Engineering,Master's,Business,175000,Entrepreneur,Creative Arts,0,Remote
Public Speaking,Associate's,Tech,190000,Software Developer,Trades,0,Remote
Programming,Master's,Art,130000,Sustainable Designer,Social Services,3,On-Site
Engineering,High School,Finance,40000,Ethical Hacker,Finance,0,Remote
Teaching,High School,Business,75000,Elevator Mechanic,Engineering,3,Remote
Public Speaking,Associate's,Art,55000,Marine Biologist,Business,6,On-Site
Programming,Master's,Education,30000,Wind Turbine Technician,Healthcare,7,Remote
Public Speaking,High School,Education,75000,Data Scientist,Creative Arts,4,Remote
Healthcare,High School,Art,55000,Food Taster,Trades,4,Remote
Public Speaking,Associate's,Environment,115000,Photographer,Finance,10,On-Site
Healthcare,Master's,Finance,130000,Elevator Mechanic,Social Services,7,On-Site
Writing,Master's,Writing,75000,Information Security Analyst,Social Services,4,Remote
Problem Solving,PhD,Business,150000,Food Taster,Education,6,Remote
Critical Thinking,Associate's,Engineering,175000,Fashion Designer,Technology,5,Remote
Engineering,Master's,Environment,50000,Data Scientist,Technology,9,On-Site
Problem Solving,High School,Writing,130000,Genetic Counselor,Healthcare,7,On-Site
Engineering,PhD,Art,40000,Animator,Engineering,7,Remote
Finance,Master's,Education,65000,Wind Turbine Technician,Technology,9,On-Site
Healthcare,High School,Education,185000,Biomedical Engineer,Finance,9,On-Site
Finance,Associate's,Social Work,125000,DevOps Engineer,Trades,10,On-Site
Problem Solving,High School,Social Work,165000,Filmmaker,Environment,4,Remote
Writing,Bachelor's,Health,150000,Animator,Finance,2,On-Site
Finance,Master's,Writing,140000,Filmmaker,Environment,7,On-Site
Public Speaking,Bachelor's,Business,195000,Animator,Creative Arts,10,Remote
Management,High School,Engineering,35000,Environmental Scientist,Technology,10,Remote
Teaching,PhD,Tech,110000,Fashion Designer,Healthcare,8,On-Site
Engineering,Master's,Engineering,145000,Auto Mechanic,Finance,1,Remote
Management,PhD,Social Work,120000,Genetic Counselor,Engineering,10,On-Site
Programming,Master's,Education,155000,DevOps Engineer,Social Services,10,On-Site
Design,PhD,Education,130000,Entrepreneur,Education,10,Remote
Healthcare,Associate's,Social Work,145000,Animator,Trades,0,Remote
Finance,Bachelor's,Writing,135000,Animator,Business,2,Remote
Marketing,High School,Finance,70000,Food Taster,Trades,8,Remote
Healthcare,High School,Finance,80000,Software Developer,Trades,9,On-Site
Critical Thinking,Bachelor's,Finance,50000,Business Consultant,Education,0,Remote
Marketing,PhD,Education,190000,DevOps Engineer,Environment,8,Remote
Marketing,Master's,Environment,160000,Entrepreneur,Business,5,On-Site
Management,Associate's,Finance,45000,Animator,Healthcare,5,Remote
Programming,Associate's,Art,80000,Plumber,Trades,3,On-Site
Management,Bachelor's,Environment,175000,Sustainable Designer,Education,5,On-Site
Writing,PhD,Finance,115000,Professional Cuddler,Social Services,9,Remote
Data Analysis,Master's,Environment,140000,Marketing Manager,Trades,8,Remote
Engineering,Master's,Art,185000,Information Security Analyst,Engineering,6,On-Site
Marketing,Associate's,Business,140000,Nurse Practitioner,Technology,4,On-Site
Problem Solving,PhD,Education,90000,Information Security Analyst,Trades,4,On-Site
Healthcare,PhD,Business,75000,Entrepreneur,Social Services,8,Remote
Public Speaking,PhD,Engineering,155000,Music Producer,Engineering,0,Remote
Healthcare,PhD,Education,105000,Photographer,Technology,2,On-Site
Management,High School,Art,115000,DevOps Engineer,Trades,7,On-Site
Writing,Master's,Environment,85000,Marine Biologist,Education,4,Remote
Marketing,Associate's,Finance,70000,Plumber,Environment,3,On-Site
Teamwork,Master's,Writing,65000,Astronomer,Education,1,Remote
Finance,Bachelor's,Tech,95000,Entrepreneur,Healthcare,4,On-Site
Design,High School,Engineering,35000,Photographer,Engineering,2,Remote
Finance,Master's,Environment,195000,Animator,Trades,2,On-Site
Critical Thinking,Bachelor's,Social Work,115000,Video Game Designer,Social Services,8,Remote
Healthcare,Bachelor's,Writing,170000,Photographer,Creative Arts,3,Remote
Marketing,Associate's,Social Work,85000,Wind Turbine Technician,Education,5,On-Site
Critical Thinking,Associate's,Engineering,170000,Marine Biologist,Healthcare,8,On-Site
Teaching,Master's,Education,100000,Wind Turbine Technician,Trades,4,On-Site
Problem Solving,Master's,Writing,95000,Business Consultant,Social Services,1,Remote
Engineering,Master's,Business,125000,Photographer,Environment,9,Remote
Data Analysis,Associate's,Social Work,95000,Web Developer,Healthcare,10,Remote
Data Analysis,High School,Finance,70000,Entrepreneur,Trades,10,On-Site
Design,Associate's,Writing,130000,Food Taster,Social Services,2,Remote
Writing,Bachelor's,Writing,140000,Wind Turbine Technician,Social Services,7,On-Site
Writing,Master's,Tech,35000,Filmmaker,Social Services,4,Remote
Teaching,High School,Finance,150000,Fashion Designer,Business,9,On-Site
Design,Associate's,Health,175000,DevOps Engineer,Social Services,5,On-Site
Management,Associate's,Business,110000,Data Scientist,Trades,7,Remote
Engineering,Associate's,Education,40000,Animator,Environment,5,On-Site
Engineering,Bachelor's,Business,35000,Marine Biologist,Business,10,On-Site
Healthcare,High School,Art,90000,Business Consultant,Education,4,Remote
Teamwork,Bachelor's,Writing,105000,Fashion Designer,Education,7,Remote
Problem Solving,Bachelor's,Health,170000,Entrepreneur,Trades,1,On-Site
Teaching,PhD,Education,90000,Civil Engineer,Engineering,10,Remote
Programming,Master's,Finance,150000,Software Developer,Business,6,On-Site
Engineering,Bachelor's,Art,80000,DevOps Engineer,Social Services,2,Remote
Marketing,Associate's,Art,135000,Civil Engineer,Trades,8,On-Site
Finance,Master's,Art,115000,Information Security Analyst,Healthcare,10,Remote
Critical Thinking,PhD,Education,125000,Filmmaker,Technology,1,On-Site
Teaching,PhD,Environment,115000,Physical Therapist,Trades,5,Remote
Data Analysis,PhD,Health,165000,Professional Cuddler,Environment,2,On-Site
Management,Master's,Writing,50000,Business Consultant,Creative Arts,8,Remote
Data Analysis,Bachelor's,Tech,155000,Wind Turbine Technician,Social Services,4,Remote
Management,High School,Environment,170000,Biomedical Engineer,Finance,7,On-Site
Teaching,Master's,Education,35000,Photographer,Creative Arts,1,Remote
Teamwork,Associate's,Health,45000,Music Producer,Social Services,9,On-Site
Teaching,Bachelor's,Finance,40000,Food Taster,Trades,4,Remote
Critical Thinking,Master's,Finance,155000,Professional Cuddler,Technology,5,On-Site
Teamwork,Associate's,Business,180000,Professional Cuddler,Business,10,Remote
Writing,Master's,Finance,195000,Data Scientist,Finance,4,Remote
Management,PhD,Business,90000,Video Game Designer,Healthcare,9,Remote
Writing,PhD,Environment,55000,Nurse Practitioner,Social Services,2,On-Site
Public Speaking,Master's,Finance,140000,Music Producer,Creative Arts,10,On-Site
Marketing,High School,Engineering,175000,Web Developer,Business,2,Remote
Finance,PhD,Tech,115000,Photographer,Business,5,Remote
Design,Associate's,Social Work,145000,Auto Mechanic,Healthcare,10,On-Site
Problem Solving,PhD,Engineering,65000,Music Producer,Business,4,On-Site
Engineering,PhD,Health,175000,Nurse Practitioner,Education,10,On-Site
Programming,PhD,Social Work,125000,Marine Biologist,Education,2,Remote
Critical Thinking,PhD,Social Work,100000,Auto Mechanic,Finance,8,On-Site
Teaching,High School,Environment,70000,Civil Engineer,Engineering,5,On-Site
Engineering,Associate's,Business,185000,Astronomer,Business,5,Remote
Healthcare,PhD,Education,185000,Plumber,Creative Arts,3,On-Site
Programming,Master's,Health,195000,Physical Therapist,Education,4,On-Site
Teaching,High School,Art,145000,DevOps Engineer,Education,8,On-Site
Management,Master's,Finance,150000,Environmental Scientist,Education,6,On-Site
Programming,Associate's,Art,170000,Data Scientist,Creative Arts,5,Remote
Design,Bachelor's,Engineering,185000,Fashion Designer,Creative Arts,5,Remote
Writing,PhD,Engineering,60000,Entrepreneur,Engineering,6,On-Site
Programming,High School,Business,180000,Biomedical Engineer,Healthcare,9,Remote
Public Speaking,Master's,Education,45000,Software Developer,Trades,8,On-Site
Teamwork,Master's,Education,80000,Marine Biologist,Finance,3,On-Site
Public Speaking,Associate's,Business,45000,Elevator Mechanic,Trades,4,Remote
Teaching,High School,Environment,80000,Sustainable Designer,Social Services,1,Remote
Finance,High School,Education,155000,Data Scientist,Technology,2,Remote
Teaching,Associate's,Health,65000,Auto Mechanic,Healthcare,2,On-Site
Writing,PhD,Health,175000,Marketing Manager,Social Services,1,Remote
Critical Thinking,High School,Education,130000,Professional Cuddler,Finance,7,Remote
Public Speaking,Associate's,Finance,140000,Ethical Hacker,Healthcare,2,On-Site
Engineering,Master's,Finance,100000,Food Taster,Education,1,Remote
Public Speaking,High School,Writing,105000,Video Game Designer,Education,2,Remote
Critical Thinking,PhD,Health,145000,Physical Therapist,Education,0,Remote
Design,High School,Finance,80000,Business Consultant,Technology,1,On-Site
Teamwork,PhD,Environment,110000,Environmental Scientist,Creative Arts,6,On-Site
Management,Associate's,Social Work,190000,Filmmaker,Finance,6,Remote
Teaching,High School,Finance,140000,Photographer,Technology,1,Remote
Programming,Associate's,Art,65000,Sustainable Designer,Environment,7,On-Site
Healthcare,Associate's,Social Work,70000,Marine Biologist,Healthcare,8,Remote
Writing,Master's,Business,55000,Animator,Education,4,On-Site
Marketing,PhD,Engineering,120000,Elevator Mechanic,Creative Arts,3,Remote
Programming,Bachelor's,Writing,75000,Marine Biologist,Business,6,On-Site
Teamwork,High School,Business,100000,Entrepreneur,Environment,5,On-Site
Design,Bachelor's,Tech,155000,Entrepreneur,Trades,5,Remote
Design,Bachelor's,Health,30000,Food Taster,Creative Arts,8,Remote
Marketing,Bachelor's,Social Work,175000,Physical Therapist,Education,4,On-Site
Programming,Bachelor's,Education,30000,Photographer,Healthcare,4,Remote
Management,Associate's,Social Work,175000,Information Security Analyst,Creative Arts,8,On-Site
Critical Thinking,Master's,Art,145000,Professional Cuddler,Trades,6,Remote
Management,Associate's,Finance,60000,Food Taster,Creative Arts,6,Remote
Data Analysis,Associate's,Education,145000,Entrepreneur,Education,3,On-Site
Engineering,Master's,Social Work,105000,Music Producer,Finance,3,Remote
Problem Solving,High School,Education,185000,Professional Cuddler,Creative Arts,2,On-Site
Marketing,High School,Writing,60000,Music Producer,Education,7,On-Site
Writing,PhD,Writing,40000,Entrepreneur,Technology,3,On-Site
Critical Thinking,PhD,Environment,65000,Fashion Designer,Business,10,Remote
Teamwork,PhD,Social Work,160000,Biomedical Engineer,Environment,3,On-Site
Data Analysis,Associate's,Business,125000,DevOps Engineer,Creative Arts,6,Remote
Programming,Associate's,Social Work,75000,Plumber,Healthcare,10,On-Site
Healthcare,Bachelor's,Engineering,190000,Genetic Counselor,Creative Arts,2,Remote
Writing,PhD,Health,90000,Nurse Practitioner,Healthcare,1,Remote
Critical Thinking,Associate's,Tech,85000,DevOps Engineer,Engineering,0,Remote
Teamwork,High School,Education,160000,Civil Engineer,Environment,9,On-Site
Data Analysis,Associate's,Environment,50000,Information Security Analyst,Finance,2,On-Site
Healthcare,High School,Business,115000,Marketing Manager,Engineering,10,On-Site
Design,Master's,Health,100000,Business Consultant,Business,0,On-Site
Marketing,High School,Writing,125000,Biomedical Engineer,Engineering,1,On-Site
Healthcare,Bachelor's,Art,95000,Plumber,Education,1,On-Site
Finance,Bachelor's,Health,165000,Marketing Manager,Environment,5,On-Site
Teamwork,Bachelor's,Writing,190000,Animator,Healthcare,10,On-Site
Management,High School,Health,120000,Civil Engineer,Healthcare,6,Remote
Healthcare,Associate's,Art,115000,Animator,Environment,0,Remote
Marketing,Bachelor's,Art,160000,Elevator Mechanic,Trades,0,On-Site
Marketing,High School,Engineering,130000,Environmental Scientist,Engineering,4,Remote
Design,High School,Environment,145000,Animator,Trades,7,On-Site
Problem Solving,Bachelor's,Social Work,165000,Astronomer,Creative Arts,2,Remote
Teamwork,Bachelor's,Education,140000,Elevator Mechanic,Trades,5,Remote
Data Analysis,Bachelor's,Writing,160000,Ethical Hacker,Healthcare,10,On-Site
Marketing,High School,Art,150000,Wind Turbine Technician,Engineering,10,Remote
Data Analysis,Associate's,Finance,35000,Software Developer,Technology,2,Remote
Critical Thinking,Associate's,Engineering,110000,Sustainable Designer,Social Services,8,On-Site
Finance,High School,Art,180000,Data Scientist,Engineering,4,On-Site
Problem Solving,High School,Health,60000,Biomedical Engineer,Creative Arts,1,Remote
Healthcare,High School,Health,30000,Plumber,Finance,1,On-Site
Critical Thinking,Master's,Tech,30000,Software Developer,Engineering,0,On-Site
Management,Associate's,Social Work,190000,Software Developer,Business,0,Remote
Finance,Associate's,Health,130000,Genetic Counselor,Environment,4,Remote
Teamwork,Associate's,Business,85000,Marine Biologist,Healthcare,6,On-Site
Engineering,Associate's,Health,120000,Filmmaker,Finance,6,On-Site
Public Speaking,Bachelor's,Business,180000,Data Scientist,Business,1,On-Site
Public Speaking,PhD,Writing,105000,Animator,Finance,1,Remote
Healthcare,High School,Social Work,95000,Nurse Practitioner,Trades,1,On-Site
Writing,High School,Environment,115000,Web Developer,Healthcare,10,Remote
Critical Thinking,Bachelor's,Tech,130000,Information Security Analyst,Creative Arts,1,Remote
Teamwork,High School,Environment,170000,Animator,Creative Arts,2,On-Site
Healthcare,Master's,Education,60000,Plumber,Social Services,10,Remote
Finance,Associate's,Engineering,55000,Auto Mechanic,Environment,3,Remote
Marketing,PhD,Tech,140000,Professional Cuddler,Healthcare,4,Remote
Critical Thinking,Bachelor's,Engineering,80000,Nurse Practitioner,Trades,9,On-Site
Teaching,Bachelor's,Engineering,125000,DevOps Engineer,Creative Arts,2,Remote
Management,High School,Business,160000,Genetic Counselor,Business,6,Remote
Management,Bachelor's,Art,130000,Ethical Hacker,Social Services,4,On-Site
Teaching,PhD,Social Work,190000,Photographer,Engineering,1,Remote
Programming,PhD,Environment,185000,Nurse Practitioner,Creative Arts,4,On-Site
Public Speaking,Associate's,Health,75000,Information Security Analyst,Engineering,10,Remote
Programming,PhD,Social Work,125000,Genetic Counselor,Technology,9,Remote
Problem Solving,Associate's,Business,130000,Animator,Technology,6,Remote
Engineering,Master's,Social Work,135000,Professional Cuddler,Business,2,On-Site
Finance,Master's,Art,185000,Professional Cuddler,Education,4,On-Site
Design,High School,Writing,140000,Environmental Scientist,Creative Arts,8,Remote
Writing,Master's,Engineering,60000,Data Scientist,Social Services,8,On-Site
Teamwork,Associate's,Social Work,130000,Nurse Practitioner,Social Services,5,On-Site
Teamwork,High School,Education,35000,Wind Turbine Technician,Business,4,Remote
Public Speaking,Bachelor's,Social Work,70000,Entrepreneur,Creative Arts,1,Remote
Critical Thinking,Master's,Education,125000,Fashion Designer,Business,0,On-Site
Finance,Bachelor's,Engineering,45000,Auto Mechanic,Healthcare,3,Remote
Management,Bachelor's,Tech,100000,Plumber,Healthcare,8,On-Site
Data Analysis,High School,Education,95000,Entrepreneur,Business,3,On-Site
Data Analysis,High School,Social Work,190000,Ethical Hacker,Trades,6,Remote
Finance,Associate's,Engineering,100000,Information Security Analyst,Education,5,On-Site
Teaching,High School,Education,45000,Food Taster,Environment,9,On-Site
Engineering,Bachelor's,Art,80000,Food Taster,Engineering,3,Remote
Programming,Associate's,Social Work,135000,Video Game Designer,Education,3,On-Site
Healthcare,Master's,Art,30000,Animator,Technology,10,On-Site
Programming,Master's,Education,160000,Marine Biologist,Environment,10,Remote
Management,Master's,Tech,110000,Filmmaker,Trades,3,On-Site
Teaching,Associate's,Health,160000,Plumber,Social Services,1,Remote
Teamwork,High School,Engineering,130000,Entrepreneur,Trades,6,On-Site
Design,Master's,Business,40000,Auto Mechanic,Trades,1,Remote
Marketing,High School,Environment,190000,Auto Mechanic,Creative Arts,8,On-Site
Teamwork,PhD,Health,45000,Food Taster,Business,4,On-Site
Teamwork,PhD,Art,155000,Ethical Hacker,Engineering,9,Remote
Teaching,Master's,Business,40000,Astronomer,Education,8,Remote
Management,High School,Business,140000,Astronomer,Finance,10,Remote
Teamwork,High School,Tech,185000,Fashion Designer,Social Services,3,On-Site
Public Speaking,Bachelor's,Education,135000,Plumber,Technology,1,On-Site
Engineering,PhD,Education,150000,Information Security Analyst,Creative Arts,5,On-Site
Teamwork,High School,Environment,70000,Software Developer,Healthcare,5,Remote
Design,Bachelor's,Art,45000,Wind Turbine Technician,Healthcare,8,On-Site
Critical Thinking,Bachelor's,Health,85000,Wind Turbine Technician,Education,9,On-Site
Problem Solving,Master's,Tech,75000,Elevator Mechanic,Healthcare,3,Remote
Teamwork,Associate's,Tech,65000,Web Developer,Social Services,8,Remote
Healthcare,PhD,Education,35000,Video Game Designer,Technology,10,Remote
Design,Master's,Writing,185000,Animator,Technology,6,On-Site
Healthcare,Associate's,Health,45000,Biomedical Engineer,Creative Arts,6,On-Site
Writing,Associate's,Writing,65000,Food Taster,Healthcare,1,On-Site
Problem Solving,Bachelor's,Engineering,100000,Information Security Analyst,Creative Arts,2,Remote
Management,Associate's,Art,85000,Wind Turbine Technician,Healthcare,1,On-Site
Management,Master's,Engineering,165000,Video Game Designer,Social Services,2,On-Site
Engineering,High School,Business,85000,Auto Mechanic,Finance,2,Remote
Finance,Bachelor's,Education,95000,Information Security Analyst,Technology,9,Remote
Management,Bachelor's,Writing,105000,Food Taster,Social Services,4,Remote
Data Analysis,Bachelor's,Art,170000,Professional Cuddler,Education,9,Remote
Teamwork,Associate's,Business,85000,Ethical Hacker,Engineering,6,On-Site
Writing,PhD,Art,175000,Photographer,Engineering,7,Remote
Writing,Bachelor's,Tech,85000,Sustainable Designer,Technology,3,Remote
Public Speaking,Master's,Environment,185000,Environmental Scientist,Trades,4,On-Site
Teamwork,Master's,Health,85000,Ethical Hacker,Engineering,5,Remote
Teaching,Bachelor's,Finance,190000,Professional Cuddler,Trades,0,Remote
Teaching,Bachelor's,Health,185000,Software Developer,Finance,2,Remote
Finance,PhD,Education,55000,Photographer,Business,5,Remote
Public Speaking,Associate's,Writing,85000,Elevator Mechanic,Trades,1,On-Site
Writing,Master's,Finance,130000,Genetic Counselor,Technology,7,On-Site
Management,PhD,Health,30000,Astronomer,Education,6,Remote
Public Speaking,PhD,Art,130000,Animator,Healthcare,5,On-Site
Public Speaking,Associate's,Engineering,180000,Plumber,Environment,2,On-Site
Writing,Master's,Social Work,180000,Elevator Mechanic,Environment,9,On-Site
Critical Thinking,Bachelor's,Art,70000,Environmental Scientist,Social Services,6,On-Site
Problem Solving,Bachelor's,Art,145000,Music Producer,Education,3,Remote
Healthcare,Bachelor's,Business,150000,Information Security Analyst,Healthcare,0,On-Site
Healthcare,Bachelor's,Finance,80000,Music Producer,Social Services,3,Remote
Healthcare,PhD,Health,145000,Auto Mechanic,Technology,0,Remote
Healthcare,Master's,Art,50000,Marine Biologist,Social Services,5,On-Site
Finance,Master's,Art,185000,Information Security Analyst,Trades,9,On-Site
Problem Solving,High School,Writing,30000,Data Scientist,Finance,3,On-Site
Design,Associate's,Environment,75000,Fashion Designer,Finance,10,Remote
Management,Bachelor's,Tech,150000,Astronomer,Social Services,0,Remote
Healthcare,PhD,Tech,155000,Filmmaker,Trades,1,Remote
Problem Solving,Master's,Tech,100000,Food Taster,Education,0,Remote
Design,Bachelor's,Social Work,40000,Software Developer,Finance,2,On-Site
Teamwork,Associate's,Health,35000,Fashion Designer,Creative Arts,5,On-Site
Teaching,PhD,Education,35000,Information Security Analyst,Creative Arts,9,Remote
Marketing,PhD,Writing,75000,Photographer,Environment,2,Remote
Teamwork,Bachelor's,Environment,35000,Environmental Scientist,Engineering,9,Remote
Finance,Bachelor's,Social Work,60000,Plumber,Environment,10,On-Site
Design,Associate's,Health,50000,Music Producer,Social Services,1,On-Site
Data Analysis,PhD,Education,105000,Genetic Counselor,Finance,10,On-Site
Public Speaking,PhD,Art,195000,Nurse Practitioner,Business,0,Remote
Programming,PhD,Social Work,195000,Web Developer,Creative Arts,6,On-Site
Teamwork,PhD,Education,150000,Elevator Mechanic,Social Services,4,On-Site
Programming,Associate's,Engineering,160000,Food Taster,Trades,6,On-Site
Critical Thinking,Master's,Environment,100000,Marketing Manager,Creative Arts,9,Remote
Teaching,PhD,Art,190000,Elevator Mechanic,Technology,8,On-Site
Management,Bachelor's,Engineering,100000,Web Developer,Finance,10,On-Site
Marketing,High School,Environment,150000,Astronomer,Technology,4,On-Site
Management,Master's,Education,170000,Business Consultant,Technology,4,On-Site
Teaching,High School,Social Work,95000,Physical Therapist,Finance,4,Remote
Engineering,Bachelor's,Writing,150000,Elevator Mechanic,Technology,4,On-Site
Teaching,PhD,Writing,90000,Genetic Counselor,Technology,10,Remote
Teamwork,Master's,Tech,95000,Filmmaker,Finance,9,On-Site
Marketing,High School,Art,175000,Wind Turbine Technician,Creative Arts,5,Remote
Finance,PhD,Writing,115000,Elevator Mechanic,Finance,6,Remote
Writing,Master's,Writing,120000,DevOps Engineer,Education,0,On-Site
Marketing,PhD,Writing,120000,Physical Therapist,Technology,1,On-Site
Public Speaking,Bachelor's,Business,190000,Marketing Manager,Finance,5,On-Site
Healthcare,Bachelor's,Finance,50000,Marketing Manager,Technology,0,Remote
Teamwork,Master's,Health,75000,Environmental Scientist,Engineering,6,On-Site
Teamwork,High School,Education,150000,Video Game Designer,Technology,3,On-Site
Engineering,Master's,Business,115000,Entrepreneur,Engineering,3,Remote
Finance,PhD,Finance,155000,Astronomer,Finance,8,Remote
Teamwork,Bachelor's,Health,60000,Plumber,Social Services,5,Remote
Writing,High School,Writing,160000,Video Game Designer,Trades,4,Remote
Engineering,Associate's,Health,170000,Web Developer,Social Services,8,On-Site
Marketing,High School,Health,80000,Genetic Counselor,Education,4,Remote
Healthcare,Associate's,Engineering,150000,Wind Turbine Technician,Finance,10,Remote
Data Analysis,Associate's,Art,85000,Elevator Mechanic,Creative Arts,1,On-Site
Engineering,Bachelor's,Tech,40000,Software Developer,Social Services,10,On-Site
Management,Associate's,Education,115000,Animator,Technology,7,On-Site
Finance,Associate's,Education,80000,Entrepreneur,Creative Arts,6,Remote
Problem Solving,Associate's,Art,70000,Elevator Mechanic,Engineering,8,On-Site
Management,Master's,Education,125000,Software Developer,Environment,6,Remote
Teamwork,Master's,Business,130000,Nurse Practitioner,Social Services,8,On-Site
Public Speaking,Master's,Tech,80000,Professional Cuddler,Environment,7,On-Site
Finance,Master's,Social Work,45000,Video Game Designer,Social Services,0,On-Site
Teaching,Bachelor's,Engineering,150000,Information Security Analyst,Education,8,On-Site
Healthcare,PhD,Tech,175000,Software Developer,Creative Arts,2,Remote
Finance,Master's,Writing,185000,Software Developer,Trades,5,On-Site
Teamwork,PhD,Social Work,135000,Data Scientist,Trades,4,Remote
Problem Solving,High School,Environment,160000,Civil Engineer,Healthcare,6,Remote
Data Analysis,High School,Social Work,55000,Marketing Manager,Business,7,On-Site
Data Analysis,Bachelor's,Health,35000,Biomedical Engineer,Business,8,On-Site
Finance,PhD,Tech,195000,Genetic Counselor,Engineering,10,On-Site
Healthcare,Master's,Finance,75000,Music Producer,Technology,10,On-Site
Writing,PhD,Writing,90000,Web Developer,Education,3,On-Site
Critical Thinking,PhD,Writing,125000,Video Game Designer,Trades,0,On-Site
Public Speaking,Associate's,Health,155000,Wind Turbine Technician,Finance,4,Remote
Management,High School,Art,35000,Animator,Business,8,On-Site
Critical Thinking,High School,Education,60000,Video Game Designer,Trades,1,On-Site
Public Speaking,Bachelor's,Health,115000,Fashion Designer,Social Services,2,Remote
Writing,High School,Engineering,135000,Environmental Scientist,Social Services,7,On-Site
Public Speaking,Bachelor's,Environment,90000,Business Consultant,Finance,4,Remote
Public Speaking,Bachelor's,Writing,55000,Astronomer,Trades,10,Remote
Finance,Bachelor's,Education,35000,Animator,Healthcare,7,On-Site
Teamwork,Associate's,Environment,85000,Astronomer,Business,9,On-Site
Public Speaking,Bachelor's,Tech,80000,Physical Therapist,Technology,2,On-Site
Teaching,Associate's,Engineering,190000,Entrepreneur,Engineering,2,Remote
Healthcare,Associate's,Tech,185000,Astronomer,Finance,0,Remote
Critical Thinking,High School,Finance,45000,Astronomer,Technology,7,Remote
Finance,Bachelor's,Engineering,140000,Auto Mechanic,Healthcare,3,Remote
Data Analysis,Master's,Education,145000,Sustainable Designer,Business,1,Remote
Public Speaking,High School,Art,65000,Business Consultant,Environment,5,Remote
Critical Thinking,Bachelor's,Finance,115000,Marketing Manager,Healthcare,0,Remote
Management,Associate's,Education,95000,Photographer,Finance,2,Remote
Engineering,Bachelor's,Health,120000,Web Developer,Finance,9,Remote
Marketing,PhD,Engineering,110000,Filmmaker,Technology,2,On-Site
Programming,PhD,Engineering,120000,Ethical Hacker,Education,3,Remote
Public Speaking,Master's,Art,110000,Auto Mechanic,Technology,4,On-Site
Healthcare,PhD,Art,180000,Video Game Designer,Engineering,6,Remote
Teaching,Associate's,Tech,55000,Auto Mechanic,Social Services,8,On-Site
Marketing,High School,Writing,105000,Entrepreneur,Environment,5,On-Site
Problem Solving,Associate's,Tech,110000,Genetic Counselor,Technology,7,Remote
Teamwork,PhD,Social Work,65000,Nurse Practitioner,Technology,4,On-Site
Engineering,Master's,Health,165000,Elevator Mechanic,Social Services,6,On-Site
Marketing,Bachelor's,Environment,110000,Video Game Designer,Technology,4,Remote
Writing,PhD,Business,100000,DevOps Engineer,Engineering,6,On-Site
Public Speaking,Associate's,Finance,140000,Professional Cuddler,Technology,0,On-Site
Teaching,Master's,Tech,160000,Biomedical Engineer,Finance,6,On-Site
Finance,High School,Environment,80000,Nurse Practitioner,Technology,0,On-Site
Finance,Associate's,Art,90000,Data Scientist,Education,5,Remote
Engineering,PhD,Education,190000,Filmmaker,Engineering,7,Remote
Public Speaking,Associate's,Tech,160000,Physical Therapist,Business,8,On-Site
Critical Thinking,Master's,Health,75000,Marketing Manager,Finance,6,Remote
Marketing,Bachelor's,Environment,135000,Sustainable Designer,Environment,3,Remote
Finance,Master's,Engineering,145000,Wind Turbine Technician,Technology,7,On-Site
Design,High School,Education,150000,Auto Mechanic,Environment,6,Remote
Healthcare,Master's,Social Work,150000,Fashion Designer,Environment,10,Remote
Writing,Master's,Education,85000,Civil Engineer,Technology,7,On-Site
Engineering,Bachelor's,Health,70000,Sustainable Designer,Social Services,1,On-Site
Data Analysis,Bachelor's,Finance,45000,Marketing Manager,Social Services,2,Remote
Problem Solving,High School,Environment,160000,Auto Mechanic,Environment,10,On-Site
Finance,PhD,Engineering,65000,Business Consultant,Engineering,4,On-Site
Data Analysis,High School,Environment,105000,Data Scientist,Business,0,On-Site
Finance,High School,Social Work,80000,Food Taster,Environment,5,Remote
Critical Thinking,Associate's,Tech,180000,Entrepreneur,Technology,9,On-Site
Writing,High School,Environment,105000,Information Security Analyst,Business,2,On-Site
Design,Master's,Health,190000,DevOps Engineer,Business,1,On-Site
Marketing,High School,Education,175000,Professional Cuddler,Healthcare,7,On-Site
Engineering,Bachelor's,Social Work,170000,Marine Biologist,Education,10,On-Site
Writing,Master's,Education,135000,Video Game Designer,Education,10,On-Site
Writing,Bachelor's,Health,135000,Filmmaker,Trades,6,Remote
Engineering,Bachelor's,Environment,35000,Photographer,Healthcare,2,Remote
Programming,PhD,Writing,65000,Marketing Manager,Engineering,9,Remote
Management,Master's,Art,50000,Professional Cuddler,Engineering,9,Remote
Healthcare,Associate's,Engineering,65000,Fashion Designer,Education,0,Remote
Data Analysis,Bachelor's,Social Work,45000,Professional Cuddler,Healthcare,2,On-Site
Public Speaking,Associate's,Business,30000,Astronomer,Technology,1,On-Site
Management,PhD,Environment,115000,Astronomer,Finance,10,Remote
Marketing,Bachelor's,Tech,90000,Physical Therapist,Engineering,10,On-Site
Critical Thinking,Associate's,Environment,30000,Web Developer,Engineering,1,Remote
Data Analysis,Bachelor's,Tech,145000,Food Taster,Engineering,2,On-Site
Programming,Master's,Education,155000,Business Consultant,Healthcare,0,On-Site
Problem Solving,Master's,Social Work,95000,Environmental Scientist,Technology,8,Remote
Teaching,Bachelor's,Education,70000,Music Producer,Finance,6,Remote
Marketing,High School,Health,80000,Photographer,Healthcare,1,On-Site
Public Speaking,Associate's,Business,60000,Wind Turbine Technician,Environment,9,Remote
Data Analysis,High School,Health,120000,Fashion Designer,Trades,2,On-Site
Problem Solving,High School,Education,125000,Photographer,Business,0,Remote
Finance,Master's,Health,30000,Professional Cuddler,Healthcare,2,Remote
Teaching,High School,Engineering,195000,Photographer,Engineering,5,On-Site
Teaching,High School,Education,65000,Video Game Designer,Healthcare,0,On-Site
Engineering,PhD,Business,90000,Food Taster,Business,7,On-Site
Public Speaking,PhD,Social Work,145000,Sustainable Designer,Healthcare,1,Remote
Public Speaking,Bachelor's,Social Work,55000,Civil Engineer,Business,0,Remote
Teamwork,Associate's,Business,70000,Food Taster,Technology,4,Remote
Writing,Bachelor's,Writing,115000,Sustainable Designer,Trades,1,On-Site
Management,Bachelor's,Social Work,65000,Business Consultant,Environment,4,Remote
Healthcare,PhD,Art,105000,Elevator Mechanic,Environment,1,Remote
Finance,High School,Engineering,35000,Data Scientist,Creative Arts,10,Remote
Data Analysis,Master's,Health,90000,Food Taster,Creative Arts,6,On-Site
Data Analysis,Associate's,Health,50000,Web Developer,Engineering,8,On-Site
Critical Thinking,Associate's,Art,160000,Food Taster,Trades,10,On-Site
Management,Bachelor's,Social Work,35000,Photographer,Engineering,4,On-Site
Problem Solving,Bachelor's,Social Work,115000,Software Developer,Technology,3,On-Site
Critical Thinking,Bachelor's,Business,140000,Professional Cuddler,Healthcare,4,On-Site
Teaching,Master's,Engineering,145000,Ethical Hacker,Creative Arts,1,Remote
Writing,Bachelor's,Writing,30000,Business Consultant,Environment,8,Remote
Data Analysis,High School,Writing,125000,Wind Turbine Technician,Finance,7,Remote
Marketing,PhD,Health,65000,Data Scientist,Social Services,7,Remote
Design,PhD,Education,120000,Environmental Scientist,Environment,2,Remote
Problem Solving,Master's,Health,55000,Video Game Designer,Healthcare,9,Remote
Finance,High School,Social Work,145000,Physical Therapist,Technology,4,On-Site
Management,Associate's,Education,30000,Marine Biologist,Education,8,Remote
Data Analysis,High School,Health,95000,Genetic Counselor,Creative Arts,4,On-Site
Critical Thinking,Master's,Tech,190000,Professional Cuddler,Environment,2,On-Site
Design,High School,Finance,145000,Food Taster,Technology,5,Remote
Design,Bachelor's,Health,70000,Music Producer,Healthcare,1,On-Site
Management,Bachelor's,Writing,125000,Entrepreneur,Business,7,Remote
Data Analysis,Associate's,Tech,65000,Web Developer,Engineering,2,Remote
Teamwork,High School,Writing,140000,Fashion Designer,Business,3,On-Site
Healthcare,Bachelor's,Social Work,140000,Environmental Scientist,Environment,1,On-Site
Management,PhD,Art,110000,Wind Turbine Technician,Healthcare,1,Remote
Healthcare,Bachelor's,Tech,175000,Fashion Designer,Healthcare,8,Remote
Finance,High School,Business,185000,Biomedical Engineer,Education,3,On-Site
Public Speaking,Associate's,Writing,125000,Astronomer,Trades,3,On-Site
Healthcare,High School,Social Work,160000,Civil Engineer,Social Services,9,On-Site
Data Analysis,Associate's,Health,65000,Filmmaker,Business,0,On-Site
Management,Bachelor's,Health,125000,Marine Biologist,Technology,8,Remote
Writing,High School,Art,195000,Marine Biologist,Technology,4,Remote
Problem Solving,Associate's,Writing,50000,Professional Cuddler,Technology,9,On-Site
Finance,Associate's,Social Work,65000,Nurse Practitioner,Social Services,3,On-Site
Design,High School,Tech,170000,Genetic Counselor,Environment,10,Remote
Teamwork,Associate's,Tech,35000,Music Producer,Social Services,8,On-Site
Design,Master's,Business,160000,Astronomer,Engineering,6,On-Site
Teaching,High School,Art,190000,Food Taster,Creative Arts,5,On-Site
Engineering,Associate's,Environment,140000,Video Game Designer,Trades,2,Remote
Teaching,Bachelor's,Health,185000,DevOps Engineer,Environment,3,On-Site
Data Analysis,Associate's,Health,120000,Food Taster,Social Services,9,Remote
Finance,Associate's,Writing,175000,Marine Biologist,Social Services,1,On-Site
Marketing,High School,Finance,160000,Data Scientist,Environment,10,Remote
Design,PhD,Finance,160000,Elevator Mechanic,Engineering,6,On-Site
Data Analysis,High School,Environment,190000,Photographer,Trades,6,Remote
Engineering,Associate's,Engineering,170000,Biomedical Engineer,Trades,5,On-Site
Engineering,Master's,Social Work,195000,Data Scientist,Social Services,9,Remote
Critical Thinking,High School,Social Work,155000,Plumber,Creative Arts,3,Remote
Teaching,Bachelor's,Tech,140000,Filmmaker,Healthcare,10,Remote
Problem Solving,Master's,Health,110000,Wind Turbine Technician,Engineering,0,On-Site
Public Speaking,Associate's,Engineering,45000,Food Taster,Business,6,Remote
Finance,PhD,Social Work,70000,Data Scientist,Environment,3,On-Site
Healthcare,High School,Finance,165000,Marketing Manager,Creative Arts,7,Remote
Engineering,Associate's,Tech,155000,Astronomer,Environment,10,Remote
Healthcare,High School,Finance,55000,DevOps Engineer,Healthcare,5,On-Site
Programming,Bachelor's,Social Work,110000,Software Developer,Environment,4,Remote
Public Speaking,Bachelor's,Health,180000,Professional Cuddler,Social Services,2,On-Site
Design,Bachelor's,Environment,170000,Civil Engineer,Engineering,7,Remote
Programming,Bachelor's,Finance,145000,Environmental Scientist,Creative Arts,1,On-Site
Marketing,High School,Social Work,35000,Environmental Scientist,Social Services,0,On-Site
Design,Associate's,Writing,190000,Genetic Counselor,Technology,3,On-Site
Finance,Bachelor's,Art,190000,Ethical Hacker,Engineering,6,Remote
Writing,Associate's,Art,80000,Software Developer,Education,10,On-Site
Writing,Associate's,Art,120000,Animator,Technology,1,Remote
Management,PhD,Health,40000,DevOps Engineer,Finance,5,Remote
Marketing,Associate's,Health,65000,Plumber,Trades,2,Remote
Finance,PhD,Education,70000,Animator,Social Services,0,Remote
Teamwork,Bachelor's,Environment,35000,Information Security Analyst,Environment,9,On-Site
Healthcare,PhD,Tech,180000,Software Developer,Environment,4,Remote
Marketing,Master's,Business,110000,Elevator Mechanic,Healthcare,1,Remote
Teaching,PhD,Social Work,180000,Physical Therapist,Business,2,On-Site
Management,High School,Finance,135000,Auto Mechanic,Education,4,Remote
Finance,Associate's,Social Work,55000,Data Scientist,Social Services,2,Remote
Management,Master's,Environment,80000,Physical Therapist,Technology,1,On-Site
Teamwork,Master's,Finance,60000,Filmmaker,Business,4,Remote
Data Analysis,PhD,Writing,140000,Physical Therapist,Business,4,On-Site
Marketing,High School,Writing,85000,Elevator Mechanic,Engineering,3,On-Site
Problem Solving,PhD,Health,120000,Genetic Counselor,Creative Arts,2,Remote
Design,Associate's,Health,90000,Photographer,Healthcare,7,On-Site
Public Speaking,Bachelor's,Art,140000,Plumber,Finance,6,Remote
Management,Associate's,Health,55000,Music Producer,Social Services,6,On-Site
Design,Associate's,Business,175000,Biomedical Engineer,Healthcare,3,On-Site
Critical Thinking,Associate's,Health,190000,DevOps Engineer,Education,3,On-Site
Programming,PhD,Education,30000,Business Consultant,Trades,5,Remote
Writing,Associate's,Engineering,165000,Professional Cuddler,Technology,5,Remote
Healthcare,Associate's,Engineering,110000,Environmental Scientist,Business,6,Remote
Problem Solving,Master's,Finance,140000,Professional Cuddler,Technology,2,On-Site
Marketing,High School,Health,115000,Information Security Analyst,Engineering,8,On-Site
Management,Bachelor's,Art,175000,Video Game Designer,Technology,2,On-Site
Public Speaking,PhD,Writing,155000,Civil Engineer,Education,7,On-Site
Marketing,Associate's,Tech,105000,Elevator Mechanic,Healthcare,0,On-Site
Data Analysis,Associate's,Business,95000,Civil Engineer,Healthcare,6,Remote
Design,Master's,Writing,80000,Professional Cuddler,Engineering,0,Remote
Problem Solving,Bachelor's,Engineering,180000,Professional Cuddler,Business,9,On-Site
Engineering,Master's,Health,95000,Photographer,Education,6,Remote
Problem Solving,PhD,Finance,125000,DevOps Engineer,Technology,6,On-Site
Engineering,Bachelor's,Writing,40000,Animator,Trades,8,Remote
Public Speaking,Master's,Health,45000,Marketing Manager,Finance,7,On-Site
Teaching,Associate's,Health,165000,Nurse Practitioner,Environment,7,On-Site
Design,Master's,Health,30000,Civil Engineer,Engineering,7,Remote
Healthcare,High School,Engineering,30000,Biomedical Engineer,Finance,8,Remote
Teaching,High School,Engineering,60000,Elevator Mechanic,Technology,1,On-Site
Teamwork,High School,Art,85000,Fashion Designer,Education,7,Remote
Design,Associate's,Social Work,165000,Physical Therapist,Environment,5,On-Site
Design,PhD,Environment,35000,Entrepreneur,Finance,3,Remote
Public Speaking,PhD,Writing,140000,Entrepreneur,Business,0,On-Site
Marketing,Bachelor's,Education,45000,Auto Mechanic,Environment,5,Remote
Critical Thinking,Associate's,Finance,195000,Plumber,Creative Arts,3,Remote
Management,Master's,Social Work,70000,Software Developer,Education,0,On-Site
Teaching,PhD,Tech,75000,Ethical Hacker,Education,8,Remote
Teamwork,Associate's,Education,105000,Biomedical Engineer,Creative Arts,10,Remote
Public Speaking,Master's,Art,175000,Data Scientist,Engineering,0,Remote
Engineering,Bachelor's,Education,35000,DevOps Engineer,Engineering,0,On-Site
Public Speaking,PhD,Art,125000,Food Taster,Trades,7,Remote
Marketing,Associate's,Education,145000,Plumber,Environment,4,Remote
Healthcare,High School,Art,70000,DevOps Engineer,Engineering,6,Remote
Programming,High School,Education,115000,Physical Therapist,Social Services,0,On-Site
Programming,Associate's,Finance,120000,Sustainable Designer,Finance,0,Remote
Design,High School,Business,130000,Web Developer,Social Services,9,On-Site
Problem Solving,Associate's,Business,75000,Sustainable Designer,Healthcare,10,On-Site
Data Analysis,Associate's,Tech,170000,Business Consultant,Business,3,Remote
Writing,Master's,Writing,35000,Wind Turbine Technician,Environment,0,On-Site
Management,Bachelor's,Social Work,60000,Marketing Manager,Environment,7,On-Site
Teaching,High School,Art,115000,Music Producer,Business,6,Remote
Public Speaking,Master's,Finance,165000,Biomedical Engineer,Healthcare,3,Remote
Teamwork,Bachelor's,Social Work,55000,Information Security Analyst,Engineering,9,Remote
Teamwork,High School,Writing,95000,Physical Therapist,Technology,0,Remote
Public Speaking,Associate's,Social Work,70000,Marine Biologist,Engineering,10,Remote
Programming,Bachelor's,Social Work,125000,Nurse Practitioner,Finance,0,On-Site
Design,Master's,Social Work,90000,Business Consultant,Education,5,Remote
Teaching,Master's,Business,140000,Astronomer,Environment,7,Remote
Healthcare,Master's,Art,165000,Data Scientist,Finance,1,Remote
Management,PhD,Finance,70000,Food Taster,Social Services,1,Remote
Finance,PhD,Writing,160000,Genetic Counselor,Finance,4,Remote
Management,Associate's,Art,145000,Marine Biologist,Social Services,2,Remote
Design,High School,Finance,195000,Genetic Counselor,Technology,6,On-Site
Critical Thinking,PhD,Tech,40000,Photographer,Healthcare,4,Remote
Design,Bachelor's,Business,125000,Genetic Counselor,Social Services,9,Remote
Programming,Associate's,Health,55000,DevOps Engineer,Environment,0,Remote
Programming,PhD,Social Work,150000,Information Security Analyst,Education,9,Remote
Writing,Master's,Environment,55000,Auto Mechanic,Finance,6,On-Site
Teaching,Bachelor's,Social Work,165000,Auto Mechanic,Technology,10,On-Site
Teamwork,Bachelor's,Engineering,135000,Civil Engineer,Technology,2,Remote
Problem Solving,High School,Education,195000,Food Taster,Trades,10,On-Site
Teaching,Bachelor's,Tech,65000,Fashion Designer,Healthcare,0,Remote
Engineering,Bachelor's,Social Work,45000,Animator,Engineering,1,On-Site
Writing,High School,Engineering,40000,Fashion Designer,Business,9,Remote
Programming,Bachelor's,Writing,115000,Ethical Hacker,Creative Arts,3,Remote
Problem Solving,Associate's,Tech,85000,Ethical Hacker,Engineering,5,Remote
Management,Associate's,Finance,55000,Web Developer,Engineering,5,On-Site
Writing,Associate's,Art,135000,Web Developer,Education,9,On-Site
Design,Bachelor's,Finance,85000,Civil Engineer,Creative Arts,1,On-Site
Finance,High School,Social Work,120000,Entrepreneur,Business,4,On-Site
Management,High School,Health,190000,Ethical Hacker,Environment,1,Remote
Data Analysis,Associate's,Finance,35000,Professional Cuddler,Environment,7,On-Site
Engineering,PhD,Writing,125000,Professional Cuddler,Trades,4,On-Site
Management,Associate's,Finance,195000,DevOps Engineer,Trades,10,On-Site
Marketing,High School,Health,130000,Data Scientist,Education,10,On-Site
Management,High School,Environment,145000,Environmental Scientist,Social Services,10,Remote
Healthcare,PhD,Education,175000,Data Scientist,Finance,3,Remote
Finance,Bachelor's,Social Work,95000,Civil Engineer,Environment,3,On-Site
Marketing,High School,Writing,175000,DevOps Engineer,Trades,9,Remote
Critical Thinking,Bachelor's,Writing,185000,Web Developer,Trades,1,On-Site
Writing,Master's,Health,90000,Civil Engineer,Environment,7,On-Site
